No,Country,City,Site name,Location,Start date,End date,Sample name,Sampling days,"Sampling volume, m3",Identified mass,NAP,ACY,ACE,FLU,PHE,ANT,FLA,PYR,BaA,CHR,BbF,BkF,BaP,DahA,InD,DghiP,Concentration,NAP,ACY,ACE,FLU,PHE,ANT,FLA,PYR,BaA,CHR,BbF,BkF,BaP,DahA,InD,DghiP,16PAHs,,,,,,,,,,,,,,,,,,,,
1,Bangladesh,Dhaka,BD-C1-1(Amin Bazar Dumping Place ),,2017-12-12,2018-03-16,SCP-52,94,329,ng,37.39 ,12.84 ,47.24 ,76.02 ,907.61 ,37.60 ,580.12 ,462.45 ,23.90 ,67.75 ,20.82 ,7.40 ,8.43 ,7.49 ,1.07 ,8.25 ,ng/m3,0.23 ,0.08 ,0.29 ,0.46 ,5.52 ,0.23 ,3.53 ,2.81 ,0.15 ,0.41 ,0.13 ,0.05 ,0.05 ,0.05 ,0.01 ,0.05 ,14.02 ,,,,,,,,,,,,,,,,,,,,
2,Bangladesh,Dhaka,"BD-C1-1(JJK, Gazipur)",,2018-01-05,2018-03-24,SCP-53,78,273,corrected by Recovery,23.37 ,2.86 ,39.92 ,56.95 ,296.49 ,9.06 ,122.39 ,71.61 ,4.97 ,13.92 ,5.70 ,1.71 ,2.25 ,1.74 ,0.36 ,1.70 ,*2 for the whole PUF disk,0.17 ,0.02 ,0.29 ,0.42 ,2.17 ,0.07 ,0.90 ,0.52 ,0.04 ,0.10 ,0.04 ,0.01 ,0.02 ,0.01 ,0.00 ,0.01 ,4.80 ,,,,,,,,,,,,,,,,,,,,
3,Bangladesh,Dhaka,"BD-C1-1(Chemistry Building, DU)",,2017-12-09,2018-03-12,SCP-54,93,325.5,,21.45 ,1.83 ,3.86 ,21.00 ,278.01 ,8.81 ,270.40 ,198.67 ,9.99 ,39.75 ,11.07 ,3.74 ,5.04 ,6.88 ,2.54 ,4.73 ,,0.13 ,0.01 ,0.02 ,0.13 ,1.71 ,0.05 ,1.66 ,1.22 ,0.06 ,0.24 ,0.07 ,0.02 ,0.03 ,0.04 ,0.02 ,0.03 ,5.45 ,,,,,,,,,,,,,,,,,,,,
4,Bangladesh,Dhaka,BD-C1-1(Demra Dumping place),,2017-12-14,2018-03-13,SCP-55,89,311.5,,31.71 ,5.31 ,41.96 ,55.31 ,811.78 ,28.37 ,549.25 ,361.02 ,25.74 ,80.19 ,34.53 ,6.25 ,7.34 ,6.10 ,1.46 ,5.80 ,,0.20 ,0.03 ,0.27 ,0.36 ,5.21 ,0.18 ,3.53 ,2.32 ,0.17 ,0.51 ,0.22 ,0.04 ,0.05 ,0.04 ,0.01 ,0.04 ,13.18 ,,,,,,,,,,,,,,,,,,,,
5,Bangladesh,Dhaka,"BD-C1-5-1(Mohakhali, Dhaka)",,2018-01-12,2018-03-29,SCP-56,76,266,,86.29 ,1.91 ,22.75 ,32.26 ,412.16 ,1.62 ,315.83 ,228.70 ,8.58 ,60.82 ,10.82 ,39.54 ,6.36 ,5.61 ,0.53 ,6.63 ,,0.65 ,0.01 ,0.17 ,0.24 ,3.10 ,0.01 ,2.37 ,1.72 ,0.06 ,0.46 ,0.08 ,0.30 ,0.05 ,0.04 ,0.00 ,0.05 ,9.33 ,,,,,,,,,,,,,,,,,,,,
6,Bangladesh,Dhaka,"BD-C1-7-1(Akrain Bazar, Savar)",,2018-01-22,2018-03-26,SCP-57,63,220.5,,30.75 ,6.39 ,74.84 ,81.66 ,556.03 ,31.97 ,274.29 ,192.81 ,13.49 ,27.05 ,9.89 ,2.55 ,3.12 ,2.27 ,0.70 ,2.59 ,,0.28 ,0.06 ,0.68 ,0.74 ,5.04 ,0.29 ,2.49 ,1.75 ,0.12 ,0.25 ,0.09 ,0.02 ,0.03 ,0.02 ,0.01 ,0.02 ,11.89 ,,,,,,,,,,,,,,,,,,,,
7,Bangladesh,Dhaka,BD-C1-4-1(Demra Dumping+Medical Incineration Plant),,2017-12-14,2018-03-17,SCP-58,93,325.5,,25.06 ,4.05 ,31.69 ,45.27 ,886.48 ,30.44 ,868.81 ,583.06 ,39.98 ,101.38 ,43.53 ,8.65 ,10.22 ,10.78 ,2.48 ,10.09 ,,0.15 ,0.02 ,0.19 ,0.28 ,5.45 ,0.19 ,5.34 ,3.58 ,0.25 ,0.62 ,0.27 ,0.05 ,0.06 ,0.07 ,0.02 ,0.06 ,16.60 ,,,,,,,,,,,,,,,,,,,,
8,Bangladesh,Dhaka,"BD-C1-6-1(Shiddhirgonj Power Plant, Dhaka)",,2017-12-14,2018-03-17,SCP-59,93,325.5,,136.63 ,5.15 ,71.68 ,87.62 ,633.66 ,14.50 ,703.93 ,448.11 ,29.41 ,116.16 ,31.19 ,8.13 ,8.87 ,8.18 ,2.51 ,7.92 ,,0.84 ,0.03 ,0.44 ,0.54 ,3.89 ,0.09 ,4.33 ,2.75 ,0.18 ,0.71 ,0.19 ,0.05 ,0.05 ,0.05 ,0.02 ,0.05 ,14.22 ,,,,,,,,,,,,,,,,,,,,
9,Bangladesh,Chittagong,"BD-C2-1-1(Old ship breaking yard Mosque, chittagong)",,2017-12-16,2018-03-23,SCP-60,97,339.5,,35.22 ,11.80 ,13.22 ,43.70 ,581.83 ,20.75 ,759.92 ,518.84 ,53.43 ,156.66 ,85.10 ,25.46 ,22.79 ,25.51 ,5.80 ,20.44 ,,0.21 ,0.07 ,0.08 ,0.26 ,3.43 ,0.12 ,4.48 ,3.06 ,0.31 ,0.92 ,0.50 ,0.15 ,0.13 ,0.15 ,0.03 ,0.12 ,14.02 ,,,,,,,,,,,,,,,,,,,,
10,Bangladesh,Chittagong,"BD-C2-4-1(PHP Colored Tin Factory, Kumira, Shitakundo)",,2017-12-16,2018-03-23,SCP-61,97,339.5,,34.60 ,18.48 ,50.41 ,69.79 ,821.06 ,48.89 ,484.06 ,377.83 ,24.66 ,41.25 ,12.31 ,2.98 ,3.33 ,2.30 ,0.63 ,2.00 ,,0.20 ,0.11 ,0.30 ,0.41 ,4.84 ,0.29 ,2.85 ,2.23 ,0.15 ,0.24 ,0.07 ,0.02 ,0.02 ,0.01 ,0.00 ,0.01 ,11.75 ,,,,,,,,,,,,,,,,,,,,
11,Bangladesh,Chittagong,"BD-C2-3-1(Chittagong Chemical Complex, Chittagong",,2018-12-16,2019-03-23,SCP-62,97,339.5,,19.78 ,3.56 ,22.14 ,27.11 ,313.88 ,4.32 ,242.64 ,195.73 ,11.57 ,24.08 ,23.49 ,2.74 ,3.13 ,3.97 ,1.25 ,2.57 ,,0.12 ,0.02 ,0.13 ,0.16 ,1.85 ,0.03 ,1.43 ,1.15 ,0.07 ,0.14 ,0.14 ,0.02 ,0.02 ,0.02 ,0.01 ,0.02 ,5.31 ,,,,,,,,,,,,,,,,,,,,
12,Bangladesh,Chittagong,"BD-C2-5-1(Chawsha Hill, Chittagong)",,2017-12-16,2018-03-23,SCP-63,97,339.5,,38.45 ,4.82 ,27.44 ,37.35 ,576.82 ,11.98 ,508.16 ,367.46 ,20.05 ,78.55 ,28.97 ,7.90 ,8.01 ,8.71 ,1.29 ,7.98 ,,0.23 ,0.03 ,0.16 ,0.22 ,3.40 ,0.07 ,2.99 ,2.16 ,0.12 ,0.46 ,0.17 ,0.05 ,0.05 ,0.05 ,0.01 ,0.05 ,10.21 ,,,,,,,,,,,,,,,,,,,,
13,Bangladesh,Chittagong,"BD-C2-2-1(Old ship breaking yard, chittagong)",,2017-12-16,2018-03-23,SCP-64,97,339.5,,34.89 ,10.09 ,21.06 ,48.07 ,881.68 ,33.35 ,1114.23 ,696.55 ,74.41 ,149.31 ,142.15 ,29.85 ,20.78 ,34.91 ,9.09 ,29.19 ,,0.21 ,0.06 ,0.12 ,0.28 ,5.19 ,0.20 ,6.56 ,4.10 ,0.44 ,0.88 ,0.84 ,0.18 ,0.12 ,0.21 ,0.05 ,0.17 ,19.61 ,,,,,,,,,,,,,,,,,,,,
14,Bangladesh,Khulna,BD-C3-3-1(Khulna),,2018-02-10,2018-04-13,SCP-65,62,217,,23.77 ,2.33 ,12.00 ,17.20 ,191.30 ,10.65 ,177.31 ,136.83 ,11.25 ,28.07 ,22.02 ,2.37 ,2.40 ,2.70 ,0.21 ,1.69 ,,0.22 ,0.02 ,0.11 ,0.16 ,1.76 ,0.10 ,1.63 ,1.26 ,0.10 ,0.26 ,0.20 ,0.02 ,0.02 ,0.02 ,0.00 ,0.02 ,5.92 ,,,,,,,,,,,,,,,,,,,,
15,Bangladesh,Khulna,BD-C3-2-1(Khulna),,2018-02-10,2018-04-13,SCP-66,62,217,,33.27 ,8.55 ,17.68 ,25.52 ,286.92 ,19.66 ,286.49 ,203.37 ,19.42 ,41.91 ,31.46 ,5.55 ,5.10 ,4.26 ,1.50 ,3.37 ,,0.31 ,0.08 ,0.16 ,0.24 ,2.64 ,0.18 ,2.64 ,1.87 ,0.18 ,0.39 ,0.29 ,0.05 ,0.05 ,0.04 ,0.01 ,0.03 ,9.16 ,,,,,,,,,,,,,,,,,,,,
16,Bangladesh,Khulna,BD-C3-1-2(Khulna),,2018-02-10,2018-04-13,SCP-67,62,217,,20.85 ,3.09 ,10.06 ,15.79 ,188.42 ,10.89 ,199.70 ,149.92 ,14.90 ,29.56 ,27.33 ,5.86 ,4.69 ,2.75 ,0.91 ,2.17 ,,0.19 ,0.03 ,0.09 ,0.15 ,1.74 ,0.10 ,1.84 ,1.38 ,0.14 ,0.27 ,0.25 ,0.05 ,0.04 ,0.03 ,0.01 ,0.02 ,6.33 ,,,,,,,,,,,,,,,,,,,,
18,Bangladesh,Khulna,C3-4,BD-C3-4(Khulna),2018-02-10,2018-04-13,SCP-68,62,217,,39.58 ,5.37 ,12.96 ,22.73 ,299.90 ,20.57 ,469.28 ,346.06 ,33.81 ,62.07 ,39.90 ,10.29 ,14.22 ,8.98 ,2.27 ,7.20 ,,0.36 ,0.05 ,0.12 ,0.21 ,2.76 ,0.19 ,4.33 ,3.19 ,0.31 ,0.57 ,0.37 ,0.09 ,0.13 ,0.08 ,0.02 ,0.07 ,12.86 ,,,,,,,,,,,,,,,,,,,,
19,Bangladesh,Sylhet,C4-1,BD-C4-1(Sylhet),2018-02-15,2018-04-15,SCP-69,59,206.5,,25.96 ,6.89 ,17.77 ,45.98 ,267.98 ,14.02 ,151.52 ,108.75 ,7.84 ,15.80 ,8.86 ,0.99 ,1.26 ,0.29 ,0.38 ,0.74 ,,0.25 ,0.07 ,0.17 ,0.45 ,2.60 ,0.14 ,1.47 ,1.05 ,0.08 ,0.15 ,0.09 ,0.01 ,0.01 ,0.00 ,0.00 ,0.01 ,6.54 ,,,,,,,,,,,,,,,,,,,,
20,Bangladesh,Bogura,C6-1,BD-C6-1(MOSLA  Gobesona),2017-12-10,2018-02-15,SCP-70,67,234.5,,41.77 ,11.12 ,58.86 ,53.67 ,672.96 ,12.70 ,3.84 ,453.88 ,22.06 ,89.69 ,70.97 ,23.65 ,15.32 ,18.97 ,3.68 ,14.92 ,,0.36 ,0.09 ,0.50 ,0.46 ,5.74 ,0.11 ,0.03 ,3.87 ,0.19 ,0.76 ,0.61 ,0.20 ,0.13 ,0.16 ,0.03 ,0.13 ,13.37 ,,,,,,,,,,,,,,,,,,,,
21,Bangladesh,Bogura,C6-2,"BD-C6-2(Thonthonia, BRTC )",2017-12-10,2018-02-15,SCP-71,67,234.5,,112.81 ,17.45 ,50.22 ,69.52 ,305.07 ,15.35 ,416.38 ,249.33 ,26.42 ,51.45 ,60.46 ,5.97 ,19.71 ,32.34 ,0.89 ,10.98 ,,0.96 ,0.15 ,0.43 ,0.59 ,2.60 ,0.13 ,3.55 ,2.13 ,0.23 ,0.44 ,0.52 ,0.05 ,0.17 ,0.28 ,0.01 ,0.09 ,12.32 ,,,,,,,,,,,,,,,,,,,,
22,Bangladesh,Bogura,C6-3,"BD-C6-3(BWDB, Atpara,  BISIC)",2017-12-10,2018-02-15,SCP-72,67,234.5,,74.71 ,25.48 ,57.63 ,68.66 ,1033.80 ,27.58 ,979.14 ,641.58 ,47.98 ,123.02 ,136.72 ,21.81 ,24.74 ,33.54 ,4.78 ,25.02 ,,0.64 ,0.22 ,0.49 ,0.59 ,8.82 ,0.24 ,8.35 ,5.47 ,0.41 ,1.05 ,1.17 ,0.19 ,0.21 ,0.29 ,0.04 ,0.21 ,28.37 ,,,,,,,,,,,,,,,,,,,,
23,Bangladesh,Bogura,C6-4,"BD-C6-4(Souj, Feri bivag, Nishindara)",2017-12-10,2018-02-15,SCP-73,67,234.5,,67.40 ,22.12 ,51.19 ,78.62 ,392.32 ,36.07 ,712.00 ,361.60 ,55.28 ,72.56 ,325.18 ,6.14 ,24.04 ,5.38 ,3.67 ,11.68 ,,0.57 ,0.19 ,0.44 ,0.67 ,3.35 ,0.31 ,6.07 ,3.08 ,0.47 ,0.62 ,2.77 ,0.05 ,0.20 ,0.05 ,0.03 ,0.10 ,18.98 ,,,,,,,,,,,,,,,,,,,,
24,Bangladesh,Mymensingh,C7-1,BD-C7-1(Mymensingh),2017-12-25,2018-03-07,SCP-74,72,252,,82.11 ,7.45 ,82.90 ,84.65 ,952.07 ,28.74 ,994.76 ,713.51 ,42.74 ,131.28 ,133.06 ,32.90 ,34.29 ,60.51 ,6.34 ,36.30 ,,0.65 ,0.06 ,0.66 ,0.67 ,7.56 ,0.23 ,7.89 ,5.66 ,0.34 ,1.04 ,1.06 ,0.26 ,0.27 ,0.48 ,0.05 ,0.29 ,27.17 ,,,,,,,,,,,,,,,,,,,,
25,Bangladesh,Mymensingh ,C7-2,BD-C7-2( RAK Ceramics),2017-12-25,2018-03-07,SCP-75,72,252,,29.09 ,3.90 ,26.30 ,23.16 ,310.02 ,10.56 ,558.59 ,381.96 ,32.13 ,118.32 ,99.77 ,22.87 ,25.21 ,45.86 ,5.29 ,26.25 ,,0.23 ,0.03 ,0.21 ,0.18 ,2.46 ,0.08 ,4.43 ,3.03 ,0.26 ,0.94 ,0.79 ,0.18 ,0.20 ,0.36 ,0.04 ,0.21 ,13.65 ,,,,,,,,,,,,,,,,,,,,
26,Bangladesh,Dhaka,C1-1,"BD-C1-1(Chemistry Building, DU)",2018-03-12,2018-06-20,SCP-76,100,350,,20.12 ,1.09 ,4.99 ,8.96 ,119.45 ,3.77 ,256.17 ,182.54 ,19.29 ,64.30 ,72.45 ,10.83 ,13.53 ,10.75 ,1.04 ,8.05 ,,0.11 ,0.01 ,0.03 ,0.05 ,0.68 ,0.02 ,1.46 ,1.04 ,0.11 ,0.37 ,0.41 ,0.06 ,0.08 ,0.06 ,0.01 ,0.05 ,4.56 ,,,,,,,,,,,,,,,,,,,,
27,Bangladesh,Dhaka,C1-2,BD-C1-2(Amin Bazar Dumping Place ),2018-03-12,2018-06-13,SCP-77,93,325.5,,35.90 ,7.04 ,18.17 ,36.48 ,443.65 ,33.42 ,578.22 ,487.57 ,34.15 ,91.76 ,101.77 ,32.26 ,16.18 ,16.90 ,1.76 ,12.98 ,,0.22 ,0.04 ,0.11 ,0.22 ,2.73 ,0.21 ,3.55 ,3.00 ,0.21 ,0.56 ,0.63 ,0.20 ,0.10 ,0.10 ,0.01 ,0.08 ,11.97 ,,,,,,,,,,,,,,,,,,,,
28,Bangladesh,Dhaka,C1-3,BD-C1-3(Demra Dumping),2018-03-17,2018-07-03,SCP-78,108,378,,29.44 ,7.36 ,13.86 ,32.74 ,427.03 ,32.91 ,669.56 ,460.70 ,51.89 ,142.73 ,71.90 ,29.70 ,10.63 ,8.17 ,0.85 ,5.90 ,,0.16 ,0.04 ,0.07 ,0.17 ,2.26 ,0.17 ,3.54 ,2.44 ,0.27 ,0.76 ,0.38 ,0.16 ,0.06 ,0.04 ,0.00 ,0.03 ,10.56 ,,,,,,,,,,,,,,,,,,,,
29,Bangladesh,Dhaka,C1-4,BD-C1-4(Medical Incineration)),2018-03-17,2018-07-03,SCP-79,108,378,,27.26 ,4.14 ,5.26 ,18.56 ,203.19 ,12.34 ,653.58 ,472.78 ,77.03 ,200.56 ,96.55 ,28.81 ,40.04 ,27.19 ,3.11 ,21.88 ,,0.14 ,0.02 ,0.03 ,0.10 ,1.08 ,0.07 ,3.46 ,2.50 ,0.41 ,1.06 ,0.51 ,0.15 ,0.21 ,0.14 ,0.02 ,0.12 ,10.01 ,,,,,,,,,,,,,,,,,,,,
30,Bangladesh,Dhaka,C1-5,BD-C1-5(Mohakhali Dhaka,2018-03-20,2018-06-18,SCP-80,90,315,,104.44 ,0.95 ,6.78 ,13.99 ,115.90 ,4.88 ,149.78 ,116.74 ,12.47 ,28.06 ,4.73 ,1.76 ,3.37 ,2.09 ,0.20 ,1.91 ,,0.66 ,0.01 ,0.04 ,0.09 ,0.74 ,0.03 ,0.95 ,0.74 ,0.08 ,0.18 ,0.03 ,0.01 ,0.02 ,0.01 ,0.00 ,0.01 ,3.61 ,,,,,,,,,,,,,,,,,,,,
31,Bangladesh,Dhaka,C1-6,BD-C1-6(Shiddhir ganj),2018-03-17,2018-06-19,SCP-81,94,329,,29.19 ,1.12 ,9.40 ,15.69 ,161.47 ,6.75 ,271.68 ,197.96 ,27.44 ,58.08 ,56.85 ,3.51 ,6.51 ,4.86 ,0.36 ,3.41 ,,0.18 ,0.01 ,0.06 ,0.10 ,0.98 ,0.04 ,1.65 ,1.20 ,0.17 ,0.35 ,0.35 ,0.02 ,0.04 ,0.03 ,0.00 ,0.02 ,5.19 ,,,,,,,,,,,,,,,,,,,,
32,Bangladesh,Dhaka,C1-7,BD-C1-7(Akrain Bazer),2018-03-27,2018-06-13,SCP-82,78,273,,20.58 ,3.45 ,20.31 ,30.24 ,212.62 ,23.64 ,218.73 ,185.13 ,21.77 ,27.13 ,101.81 ,4.54 ,7.17 ,4.93 ,0.54 ,4.15 ,,0.15 ,0.03 ,0.15 ,0.22 ,1.56 ,0.17 ,1.60 ,1.36 ,0.16 ,0.20 ,0.75 ,0.03 ,0.05 ,0.04 ,0.00 ,0.03 ,6.50 ,,,,,,,,,,,,,,,,,,,,
33,Bangladesh,Dhaka,C1-8,"BD-C1-8(JJK, Gazipur)",2018-03-24,2018-07-20,SCP-83,118,413,,18.68 ,3.38 ,7.14 ,12.82 ,98.64 ,3.66 ,168.61 ,118.19 ,11.25 ,32.08 ,49.74 ,4.78 ,8.80 ,8.39 ,0.59 ,4.73 ,,0.09 ,0.02 ,0.03 ,0.06 ,0.48 ,0.02 ,0.82 ,0.57 ,0.05 ,0.16 ,0.24 ,0.02 ,0.04 ,0.04 ,0.00 ,0.02 ,2.67 ,,,,,,,,,,,,,,,,,,,,
34,Bangladesh,Chittagong,C2-1,BD-C2-1(Old Ship mosque),2018-03-23,2018-07-14,SCP-84,113,395.5,,18.60 ,2.63 ,5.83 ,22.05 ,182.44 ,19.74 ,683.34 ,434.64 ,108.94 ,177.35 ,215.33 ,21.59 ,35.07 ,19.79 ,3.24 ,15.00 ,,0.09 ,0.01 ,0.03 ,0.11 ,0.92 ,0.10 ,3.46 ,2.20 ,0.55 ,0.90 ,1.09 ,0.11 ,0.18 ,0.10 ,0.02 ,0.08 ,9.94 ,,,,,,,,,,,,,,,,,,,,
35,Bangladesh,Chittagong,C2-2,BD-C2-2(Old Ship Breaking Yard,2018-03-23,2018-07-14,SCP-85,113,395.5,,19.11 ,3.40 ,10.29 ,23.93 ,184.80 ,23.23 ,734.15 ,467.41 ,137.38 ,206.43 ,322.04 ,40.36 ,70.53 ,47.06 ,8.29 ,35.11 ,,0.10 ,0.02 ,0.05 ,0.12 ,0.93 ,0.12 ,3.71 ,2.36 ,0.69 ,1.04 ,1.63 ,0.20 ,0.36 ,0.24 ,0.04 ,0.18 ,11.80 ,,,,,,,,,,,,,,,,,,,,
36,Bangladesh,Chittagong,C2-3,Bd-C2-3(Chittagong Chemical),2018-03-23,2018-07-14,SCP-86,113,395.5,,17.71 ,2.14 ,6.62 ,11.96 ,96.02 ,6.10 ,116.90 ,102.10 ,11.24 ,15.75 ,80.53 ,2.72 ,6.85 ,3.68 ,0.53 ,3.50 ,,0.09 ,0.01 ,0.03 ,0.06 ,0.49 ,0.03 ,0.59 ,0.52 ,0.06 ,0.08 ,0.41 ,0.01 ,0.03 ,0.02 ,0.00 ,0.02 ,2.45 ,,,,,,,,,,,,,,,,,,,,
37,Bangladesh,Chittagong,C2-4,BD-C2-4(PHP)SONAICHARI,2018-03-23,2018-07-14,SCP-87,113,395.5,,26.26 ,9.45 ,15.59 ,32.62 ,204.97 ,28.97 ,290.73 ,243.22 ,36.09 ,41.58 ,41.80 ,2.59 ,4.25 ,2.18 ,0.19 ,1.60 ,,0.13 ,0.05 ,0.08 ,0.16 ,1.04 ,0.15 ,1.47 ,1.23 ,0.18 ,0.21 ,0.21 ,0.01 ,0.02 ,0.01 ,0.00 ,0.01 ,4.97 ,,,,,,,,,,,,,,,,,,,,
38,Bangladesh,Chittagong,C2-5,BD-C2-5(Chittagopng GK)city,2018-03-23,2018-07-14,SCP-88,113,395.5,,31.64 ,2.69 ,6.79 ,12.63 ,130.69 ,8.18 ,264.89 ,206.72 ,28.62 ,54.59 ,217.72 ,68.51 ,16.06 ,18.70 ,1.32 ,9.76 ,,0.16 ,0.01 ,0.03 ,0.06 ,0.66 ,0.04 ,1.34 ,1.05 ,0.14 ,0.28 ,1.10 ,0.35 ,0.08 ,0.09 ,0.01 ,0.05 ,5.46 ,,,,,,,,,,,,,,,,,,,,
39,Bangladesh,khulna,C3-1,BD+DC-3(lobonchora),2018-04-13,2018-06-29,SCP-89,77,269.5,,20.02 ,3.12 ,5.91 ,11.56 ,85.95 ,8.09 ,81.14 ,77.02 ,8.76 ,12.78 ,5.72 ,1.82 ,2.61 ,1.48 ,0.25 ,1.36 ,,0.15 ,0.02 ,0.04 ,0.09 ,0.64 ,0.06 ,0.60 ,0.57 ,0.06 ,0.09 ,0.04 ,0.01 ,0.02 ,0.01 ,0.00 ,0.01 ,2.43 ,,,,,,,,,,,,,,,,,,,,
40,Bangladesh,khulna,C3-2,BD+DC-3(SONADANGA),2018-04-13,2018-06-29,SCP-90,77,269.5,,26.22 ,5.71 ,9.73 ,20.26 ,144.10 ,13.57 ,178.21 ,145.63 ,21.06 ,31.42 ,14.07 ,2.77 ,4.19 ,2.24 ,0.55 ,1.82 ,,0.19 ,0.04 ,0.07 ,0.15 ,1.07 ,0.10 ,1.32 ,1.08 ,0.16 ,0.23 ,0.10 ,0.02 ,0.03 ,0.02 ,0.00 ,0.01 ,4.61 ,,,,,,,,,,,,,,,,,,,,
41,Bangladesh,Khulna,C3-3,BD+DC(Khulna University),2018-04-13,2018-06-29,SCP-91,77,269.5,,23.60 ,1.43 ,5.11 ,9.71 ,69.52 ,3.02 ,68.10 ,56.99 ,6.10 ,8.74 ,37.33 ,1.80 ,3.53 ,0.54 ,0.19 ,1.38 ,,0.18 ,0.01 ,0.04 ,0.07 ,0.52 ,0.02 ,0.51 ,0.42 ,0.05 ,0.06 ,0.28 ,0.01 ,0.03 ,0.00 ,0.00 ,0.01 ,2.20 ,,,,,,,,,,,,,,,,,,,,
42,Bangladesh,Khulna,C3-4,BD+DC(Khalishpur) khulna,2018-04-13,2018-06-29,SCP-92,77,269.5,,28.42 ,6.26 ,16.30 ,29.30 ,167.80 ,16.23 ,186.17 ,157.13 ,24.54 ,30.58 ,49.61 ,5.86 ,10.70 ,4.12 ,0.41 ,3.61 ,,0.21 ,0.05 ,0.12 ,0.22 ,1.25 ,0.12 ,1.38 ,1.17 ,0.18 ,0.23 ,0.37 ,0.04 ,0.08 ,0.03 ,0.00 ,0.03 ,5.47 ,,,,,,,,,,,,,,,,,,,,
43,Bangladesh,Sylhet,C4-1,BD-C4-1(Sylhet),2018-04-15,2018-06-20,SCP-93,66,231,,50.15 ,2.46 ,9.14 ,22.59 ,132.98 ,7.32 ,114.61 ,102.67 ,7.63 ,10.58 ,59.20 ,2.52 ,4.67 ,1.06 ,0.28 ,2.81 ,,0.43 ,0.02 ,0.08 ,0.20 ,1.15 ,0.06 ,0.99 ,0.89 ,0.07 ,0.09 ,0.51 ,0.02 ,0.04 ,0.01 ,0.00 ,0.02 ,4.59 ,,,,,,,,,,,,,,,,,,,,
44,Bangladesh,Bogura,C6-1,BD-C6-1(MOSLA Gobesona),2018-02-15,2018-05-08,SCP-94,82,287,,29.62 ,5.50 ,26.85 ,31.79 ,210.43 ,7.06 ,208.88 ,150.64 ,15.32 ,28.55 ,64.33 ,5.26 ,11.20 ,6.80 ,0.57 ,5.46 ,,0.21 ,0.04 ,0.19 ,0.22 ,1.47 ,0.05 ,1.46 ,1.05 ,0.11 ,0.20 ,0.45 ,0.04 ,0.08 ,0.05 ,0.00 ,0.04 ,5.63 ,,,,,,,,,,,,,,,,,,,,
45,Bangladesh,Bogura,C6-2,"BD-C6-2(Thonthonia, BRTC )",2018-02-15,2018-05-08,SCP-95,82,287,,26.43 ,5.95 ,25.24 ,36.45 ,227.94 ,14.12 ,306.01 ,213.70 ,28.89 ,47.55 ,18.52 ,2.30 ,4.53 ,2.87 ,0.27 ,2.39 ,,0.18 ,0.04 ,0.18 ,0.25 ,1.59 ,0.10 ,2.13 ,1.49 ,0.20 ,0.33 ,0.13 ,0.02 ,0.03 ,0.02 ,0.00 ,0.02 ,6.71 ,,,,,,,,,,,,,,,,,,,,
46,Bangladesh,Bogura,C6-3,"BD-C6-3(BWDB, Atpara,  BISIC)",2018-02-15,2018-05-08,SCP-96,82,287,,52.58 ,3.96 ,26.10 ,35.99 ,169.31 ,7.75 ,141.15 ,109.56 ,8.74 ,14.11 ,54.19 ,2.44 ,5.23 ,2.28 ,0.32 ,2.35 ,,0.37 ,0.03 ,0.18 ,0.25 ,1.18 ,0.05 ,0.98 ,0.76 ,0.06 ,0.10 ,0.38 ,0.02 ,0.04 ,0.02 ,0.00 ,0.02 ,4.43 ,,,,,,,,,,,,,,,,,,,,
47,Bangladesh,Bogura,C6-4,"BD-C6-4(Souj,  Nishindara)CHELOPARA",2018-02-15,2018-05-08,SCP-97,82,287,,36.74 ,10.20 ,31.31 ,45.70 ,241.78 ,14.65 ,306.10 ,216.84 ,25.45 ,41.79 ,15.01 ,6.10 ,13.34 ,7.42 ,0.74 ,6.73 ,,0.26 ,0.07 ,0.22 ,0.32 ,1.68 ,0.10 ,2.13 ,1.51 ,0.18 ,0.29 ,0.10 ,0.04 ,0.09 ,0.05 ,0.01 ,0.05 ,7.11 ,,,,,,,,,,,,,,,,,,,,
48,Bangladesh,Dhaka,C1-1,BD-C1-1(Chemistry Building),2018-06-12,2018-08-30,SCP-98,79,276.5,,46.12 ,8.73 ,21.71 ,41.45 ,212.01 ,12.74 ,477.53 ,355.44 ,49.50 ,108.24 ,170.92 ,16.08 ,34.80 ,31.43 ,1.76 ,14.15 ,,0.33 ,0.06 ,0.16 ,0.30 ,1.53 ,0.09 ,3.45 ,2.57 ,0.36 ,0.78 ,1.24 ,0.12 ,0.25 ,0.23 ,0.01 ,0.10 ,11.59 ,,,,,,,,,,,,,,,,,,,,
49,Bangladesh,Dhaka,C1-2,BD-C1-2(Amin Bazar),2018-06-13,2018-08-30,SCP-99,78,273,,122.01 ,46.29 ,65.46 ,108.97 ,614.96 ,61.41 ,1324.72 ,1344.49 ,52.95 ,169.74 ,185.83 ,1.31 ,33.02 ,10.02 ,3.79 ,16.70 ,,0.89 ,0.34 ,0.48 ,0.80 ,4.51 ,0.45 ,9.70 ,9.85 ,0.39 ,1.24 ,1.36 ,0.01 ,0.24 ,0.07 ,0.03 ,0.12 ,30.49 ,,,,,,,,,,,,,,,,,,,,
50,Bangladesh,Dhaka,C1-3,BD-C1-3(Demra Dumping place),2018-07-03,2018-09-15,SCP-100,74,259,,100.92 ,19.06 ,41.59 ,64.15 ,331.74 ,29.25 ,777.41 ,501.12 ,62.07 ,137.81 ,10.59 ,67.06 ,34.97 ,19.45 ,2.29 ,15.04 ,,0.78 ,0.15 ,0.32 ,0.50 ,2.56 ,0.23 ,6.00 ,3.87 ,0.48 ,1.06 ,0.08 ,0.52 ,0.27 ,0.15 ,0.02 ,0.12 ,17.10 ,,,,,,,,,,,,,,,,,,,,
51,Bangladesh,Dhaka,C1-4,BD-C1-4(Medical Incineration)),2018-07-03,2018-09-15,SCP-101,74,259,,86.49 ,32.79 ,46.89 ,66.84 ,329.82 ,42.07 ,889.54 ,620.45 ,2.36 ,90.43 ,114.90 ,28.64 ,55.49 ,27.14 ,3.86 ,23.84 ,,0.67 ,0.25 ,0.36 ,0.52 ,2.55 ,0.32 ,6.87 ,4.79 ,0.02 ,0.70 ,0.89 ,0.22 ,0.43 ,0.21 ,0.03 ,0.18 ,19.01 ,,,,,,,,,,,,,,,,,,,,
52,Bangladesh,Dhaka,C1-5,"BD-C1-5(Mohakhali, Dhaka)",2018-06-20,2018-08-30,SCP-102,71,248.5,,114.11 ,43.26 ,61.86 ,88.19 ,435.15 ,55.51 ,1173.64 ,818.61 ,119.90 ,267.03 ,151.60 ,37.79 ,73.21 ,35.81 ,5.09 ,31.46 ,,0.92 ,0.35 ,0.50 ,0.71 ,3.50 ,0.45 ,9.45 ,6.59 ,0.96 ,2.15 ,1.22 ,0.30 ,0.59 ,0.29 ,0.04 ,0.25 ,28.27 ,,,,,,,,,,,,,,,,,,,,
53,Bangladesh,Dhaka,C1-7,"BD-C1-7(Akrain Bazar, Savar)",2018-06-13,2018-08-30,SCP-103,78,273,,55.70 ,22.01 ,49.80 ,85.63 ,279.32 ,55.78 ,287.82 ,247.03 ,34.77 ,41.74 ,18.80 ,6.05 ,10.91 ,4.42 ,0.51 ,4.39 ,,0.41 ,0.16 ,0.36 ,0.63 ,2.05 ,0.41 ,2.11 ,1.81 ,0.25 ,0.31 ,0.14 ,0.04 ,0.08 ,0.03 ,0.00 ,0.03 ,8.83 ,,,,,,,,,,,,,,,,,,,,
54,Bangladesh,Dhaka,C1-8,"BD-C1-8(JJK, Gazipur)",2018-07-20,2018-10-17,SCP-104,89,311.5,,62.33 ,9.33 ,26.07 ,44.64 ,139.49 ,5.99 ,100.46 ,79.68 ,5.70 ,11.75 ,7.68 ,2.14 ,5.02 ,2.00 ,0.35 ,2.30 ,,0.40 ,0.06 ,0.17 ,0.29 ,0.90 ,0.04 ,0.65 ,0.51 ,0.04 ,0.08 ,0.05 ,0.01 ,0.03 ,0.01 ,0.00 ,0.01 ,3.24 ,,,,,,,,,,,,,,,,,,,,
55,Bangladesh,Chittagong,C2-1,BD-C2-1(Old ship Mosque),2018-07-14,2018-09-30,SCP-105,78,273,,39.59 ,5.79 ,19.38 ,60.48 ,276.16 ,44.09 ,1149.27 ,705.88 ,147.95 ,203.85 ,509.86 ,190.94 ,53.29 ,25.01 ,5.02 ,22.51 ,,0.29 ,0.04 ,0.14 ,0.44 ,2.02 ,0.32 ,8.42 ,5.17 ,1.08 ,1.49 ,3.74 ,1.40 ,0.39 ,0.18 ,0.04 ,0.16 ,25.34 ,,,,,,,,,,,,,,,,,,,,
56,Bangladesh,Chittagong,C2-2,BD-C2-2(Old ship breaking yard),2018-07-14,2018-09-30,SCP-106,78,273,,50.90 ,7.07 ,42.62 ,103.52 ,356.93 ,70.13 ,1244.96 ,793.98 ,199.01 ,231.87 ,509.12 ,9.41 ,66.27 ,50.45 ,11.30 ,45.00 ,,0.37 ,0.05 ,0.31 ,0.76 ,2.61 ,0.51 ,9.12 ,5.82 ,1.46 ,1.70 ,3.73 ,0.07 ,0.49 ,0.37 ,0.08 ,0.33 ,27.78 ,,,,,,,,,,,,,,,,,,,,
57,Bangladesh,Chittagong,C2-3,Bd-C2-3(Chemical complex),2018-07-14,2018-09-30,SCP-107,78,273,,32.06 ,6.08 ,12.44 ,25.40 ,128.20 ,13.18 ,111.33 ,109.69 ,15.45 ,14.88 ,68.19 ,2.11 ,6.65 ,2.29 ,0.78 ,3.09 ,,0.23 ,0.04 ,0.09 ,0.19 ,0.94 ,0.10 ,0.82 ,0.80 ,0.11 ,0.11 ,0.50 ,0.02 ,0.05 ,0.02 ,0.01 ,0.02 ,4.04 ,,,,,,,,,,,,,,,,,,,,
58,Bangladesh,Chittagong,C2-4,"BD-C2-4(PHP, Kumira, Shitakundo)",2018-07-14,2018-09-30,SCP-108,78,273,,47.03 ,31.86 ,51.09 ,83.13 ,311.60 ,62.36 ,395.89 ,316.70 ,53.67 ,55.15 ,10.43 ,18.25 ,14.05 ,4.03 ,0.61 ,4.26 ,,0.34 ,0.23 ,0.37 ,0.61 ,2.28 ,0.46 ,2.90 ,2.32 ,0.39 ,0.40 ,0.08 ,0.13 ,0.10 ,0.03 ,0.00 ,0.03 ,10.70 ,,,,,,,,,,,,,,,,,,,,
59,Bangladesh,Chittagong,C2-5,BD-C2-5(Chittagopng GK)city,2018-07-14,2018-09-30,SCP-109,78,273,,47.03 ,7.85 ,17.64 ,42.50 ,175.53 ,18.04 ,164.78 ,158.70 ,22.15 ,27.50 ,27.97 ,1.91 ,6.14 ,5.62 ,0.30 ,3.05 ,,0.34 ,0.06 ,0.13 ,0.31 ,1.29 ,0.13 ,1.21 ,1.16 ,0.16 ,0.20 ,0.20 ,0.01 ,0.04 ,0.04 ,0.00 ,0.02 ,5.32 ,,,,,,,,,,,,,,,,,,,,
60,Bangladesh,Khulna,C3-1,BD-C3-1(Khulna),2018-06-29,2018-09-10,SCP-110,73,255.5,,16.40 ,3.92 ,10.58 ,16.86 ,99.68 ,5.89 ,129.49 ,81.44 ,15.97 ,19.04 ,87.42 ,4.28 ,9.06 ,3.93 ,0.45 ,3.20 ,,0.13 ,0.03 ,0.08 ,0.13 ,0.78 ,0.05 ,1.01 ,0.64 ,0.13 ,0.15 ,0.68 ,0.03 ,0.07 ,0.03 ,0.00 ,0.03 ,3.97 ,,,,,,,,,,,,,,,,,,,,
61,Bangladesh,Khulna,C3-2,BD-C3-2(Khulna),2018-06-29,2018-09-10,SCP-111,73,255.5,,25.74 ,4.27 ,2.84 ,20.65 ,79.14 ,4.10 ,73.58 ,63.87 ,7.51 ,12.25 ,45.15 ,1.56 ,4.20 ,1.05 ,0.39 ,1.42 ,,0.20 ,0.03 ,0.02 ,0.16 ,0.62 ,0.03 ,0.58 ,0.50 ,0.06 ,0.10 ,0.35 ,0.01 ,0.03 ,0.01 ,0.00 ,0.01 ,2.72 ,,,,,,,,,,,,,,,,,,,,
62,Bangladesh,Khulna,C3-3,BD-C3-3(Khulna),2018-06-29,2018-09-10,SCP-112,73,255.5,,40.49 ,8.33 ,14.10 ,28.13 ,172.35 ,24.40 ,233.85 ,193.62 ,35.89 ,35.19 ,92.47 ,4.57 ,10.39 ,6.06 ,0.54 ,3.77 ,,0.32 ,0.07 ,0.11 ,0.22 ,1.35 ,0.19 ,1.83 ,1.52 ,0.28 ,0.28 ,0.72 ,0.04 ,0.08 ,0.05 ,0.00 ,0.03 ,7.08 ,,,,,,,,,,,,,,,,,,,,
63,Bangladesh,Khulna,C3-4,BD-C3-4(Khulna),2018-06-29,2018-09-10,SCP-113,73,255.5,,52.64 ,8.43 ,14.61 ,29.95 ,171.16 ,17.53 ,205.32 ,158.47 ,33.19 ,33.29 ,122.79 ,5.57 ,13.22 ,3.58 ,0.60 ,3.20 ,,0.41 ,0.07 ,0.11 ,0.23 ,1.34 ,0.14 ,1.61 ,1.24 ,0.26 ,0.26 ,0.96 ,0.04 ,0.10 ,0.03 ,0.00 ,0.03 ,6.84 ,,,,,,,,,,,,,,,,,,,,
64,Bangladesh,Bogura,C6-1,"BD-C6-1-(MOSLA ,BADC,MATIDALI)",2018-05-08,2018-10-30,SCP-114,175,612.5,,52.42 ,30.11 ,60.48 ,98.90 ,250.15 ,20.43 ,260.61 ,207.28 ,29.02 ,44.43 ,22.89 ,8.75 ,23.34 ,8.03 ,1.10 ,8.38 ,,0.17 ,0.10 ,0.20 ,0.32 ,0.82 ,0.07 ,0.85 ,0.68 ,0.09 ,0.15 ,0.07 ,0.03 ,0.08 ,0.03 ,0.00 ,0.03 ,3.68 ,,,,,,,,,,,,,,,,,,,,
65,Bangladesh,Bogura,C6-2,"BD-C6-2-(Thonthoniya, BRTC)",2018-05-08,2018-10-30,SCP-115,175,612.5,,50.85 ,19.29 ,66.45 ,91.03 ,304.89 ,30.13 ,1144.36 ,716.31 ,93.59 ,159.43 ,1061.24 ,249.40 ,76.06 ,65.22 ,3.73 ,34.44 ,,0.17 ,0.06 ,0.22 ,0.30 ,1.00 ,0.10 ,3.74 ,2.34 ,0.31 ,0.52 ,3.47 ,0.81 ,0.25 ,0.21 ,0.01 ,0.11 ,13.60 ,,,,,,,,,,,,,,,,,,,,
66,Bangladesh,Bogura,C6-3,BD-C6-3(BWDB+Atapara)BISIC,2018-05-08,2018-10-30,SCP-116,175,612.5,,85.55 ,23.97 ,70.30 ,111.05 ,222.10 ,23.91 ,198.59 ,152.71 ,19.97 ,23.33 ,189.45 ,32.75 ,13.32 ,3.05 ,0.56 ,3.46 ,,0.28 ,0.08 ,0.23 ,0.36 ,0.73 ,0.08 ,0.65 ,0.50 ,0.07 ,0.08 ,0.62 ,0.11 ,0.04 ,0.01 ,0.00 ,0.01 ,3.83 ,,,,,,,,,,,,,,,,,,,,
67,Bangladesh,Bogura,C6-4,"BD-C6-4(Chelopara)NISHINDARA, SOUJ)",2018-05-08,2018-10-30,SCP-117,175,612.5,,103.17 ,65.55 ,79.74 ,127.58 ,400.02 ,59.37 ,857.20 ,557.10 ,79.79 ,102.23 ,681.69 ,130.93 ,41.70 ,6.83 ,7.39 ,15.08 ,,0.34 ,0.21 ,0.26 ,0.42 ,1.31 ,0.19 ,2.80 ,1.82 ,0.26 ,0.33 ,2.23 ,0.43 ,0.14 ,0.02 ,0.02 ,0.05 ,10.83 ,,,,,,,,,,,,,,,,,,,,
68,Bangladesh,Mymensingh,C7-1,BD-C7-1(Mymensingh),2018-07-03,2018-09-30,SCP-118,89,311.5,,46.51 ,9.66 ,105.07 ,138.39 ,413.56 ,34.32 ,656.26 ,483.12 ,66.04 ,94.78 ,554.33 ,22.41 ,45.67 ,28.21 ,3.27 ,27.69 ,,0.30 ,0.06 ,0.67 ,0.89 ,2.66 ,0.22 ,4.21 ,3.10 ,0.42 ,0.61 ,3.56 ,0.14 ,0.29 ,0.18 ,0.02 ,0.18 ,17.52 ,,,,,,,,,,,,,,,,,,,,
69,Bangladesh,Mymensingh ,C7-2,BD-C7-2( RAK Ceramics),2018-07-03,2018-09-30,SCP-119,89,311.5,,64.66 ,13.96 ,130.36 ,152.80 ,597.65 ,49.77 ,1308.04 ,893.35 ,78.63 ,119.10 ,687.71 ,4.96 ,53.95 ,40.10 ,3.96 ,34.07 ,,0.42 ,0.09 ,0.84 ,0.98 ,3.84 ,0.32 ,8.40 ,5.74 ,0.50 ,0.76 ,4.42 ,0.03 ,0.35 ,0.26 ,0.03 ,0.22 ,27.18 ,,,,,,,,,,,,,,,,,,,,
,,,,,,,,,,,,,,,,,,,,,,,,,,,,,,,,,,,,,,,,,,,,,,,,,,,,,,,,,,,,,,,,
,,,,,,,,,FB1,,51.02 ,0.85 ,5.41 ,5.60 ,2.87 ,0.27 ,0.76 ,1.05 ,0.28 ,0.10 ,44.55 ,39.99 ,4.14 ,3.45 ,0.59 ,0.10 ,mean,0.32 ,0.07 ,0.21 ,0.33 ,2.34 ,0.15 ,3.09 ,2.26 ,0.25 ,0.50 ,0.75 ,0.12 ,0.12 ,0.09 ,0.01 ,0.07 ,10.69 ,,,,,,,,,,,,,,,,,,,,
,,,,,,,,,FB2,,55.18 ,0.31 ,2.85 ,5.79 ,3.78 ,0.35 ,0.68 ,1.12 ,0.09 ,0.13 ,19.39 ,18.29 ,0.12 ,0.15 ,0.44 ,0.11 ,std,0.21 ,0.07 ,0.18 ,0.22 ,1.74 ,0.12 ,2.47 ,1.76 ,0.25 ,0.42 ,1.00 ,0.21 ,0.12 ,0.10 ,0.02 ,0.07 ,7.34 ,,,,,,,,,,,,,,,,,,,,
,,,,,,,,,FB3,,59.92 ,0.29 ,5.50 ,4.96 ,3.92 ,0.24 ,0.08 ,1.50 ,0.44 ,0.18 ,34.60 ,36.55 ,0.89 ,2.01 ,0.61 ,0.09 ,,,,,,,,,,,,,,,,,,,,,,,,,,,,,,,,,,,,,,
,,,,,,,,,,,,,,,,,,,,,,,,,,,,,,,,,,,,,,,,,,,,,,,,,,,,,,,,,,,,,,,,
,,,,,,,,,mean,,55.37 ,0.48 ,4.59 ,5.45 ,3.53 ,0.29 ,0.51 ,1.22 ,0.27 ,0.14 ,32.85 ,31.61 ,1.72 ,1.87 ,0.55 ,0.10 ,,,,,,,,,,,,,,,,,,,,,,,,,,,,,,,,,,,,,,
,,,,,,,,,std,,4.45 ,0.32 ,1.50 ,0.43 ,0.57 ,0.05 ,0.37 ,0.24 ,0.18 ,0.04 ,12.67 ,11.66 ,2.13 ,1.66 ,0.09 ,0.01 ,,,,,,,,,,,,,,,,,,,,,,,,,,,,,,,,,,,,,,
,,,,,,,,,"MDL, ng",,68.74 ,1.43 ,9.10 ,6.74 ,5.23 ,0.45 ,1.62 ,1.94 ,0.80 ,0.27 ,70.87 ,66.59 ,8.11 ,6.84 ,0.83 ,0.12 ,,,,,,,,,,,,,,,,,,,,,,,,,,,,,,,,,,,,,,
,,,,,,,,,,,,,,,,,,,,,,,,,,,,,,,,,,,,,,,,,,,,,,,,,,,,,,,,,,,,,,,,
,,,,,,,,,,,,,,,,,,,,,,,,,,,,,,,,,,,,,,,,,,,,,,,,,,,,,,,,,,,,,,,,
,,,,,,,,,,,,,,,,,,,,,,,,,,,,,,,,,,,,,,,,,,,,,,,,,,,,,,,,,,,,,,,,
,,,,,,,,,,,,,,,,,,,,,,,,,,,,,,,,,,,,,,,,,,,,,,,,,,,,,,,,,,,,,,,,
,,,,,,,,,,,,,,,,,,,,,,,,,,,,,,,,,,,,,,,,,,,,,,,,,,,,,,,,,,,,,,,,
,,,,,,,,,,,,,,,,,,,,,,,,,,,,,,,,,,,,,,,,,,,,,,,,,,,,,,,,,,,,,,,,
,,,,,,,,,,,,,,,,,,,,,,,,,,,,,,,,,,,,,,,,,,,,,,,,,,,,,,,,,,,,,,,,
,,,,,,,,,,,,,,,,,,,,,,,,,,,,,,,,,,,,,,,,,,,,,,,,,,,,,,,,,,,,,,,,
,,,,,,,,,,,,,,,,,,,,,,,,,,,,,,,,,,,,,,,,,,,,,,,,,,,,,,,,,,,,,,,,
,,,,,,,,,,,,,,,,,,,,,,,,,,,,,,,,,,,,,,,,,,,,,,,,,,,,,,,,,,,,,,,,
